time,L_arm_shoulder_pitch_joint,L_arm_shoulder_roll_joint,L_arm_shoulder_yaw_joint,L_arm_elbow_joint,L_leg_hip_yaw_joint,L_leg_hip_roll_joint,L_leg_hip_pitch_joint,L_leg_knee_joint,L_leg_ankle_joint,R_arm_shoulder_pitch_joint,R_arm_shoulder_roll_joint,R_arm_shoulder_yaw_joint,R_arm_elbow_joint,R_leg_hip_yaw_joint,R_leg_hip_roll_joint,R_leg_hip_pitch_joint,R_leg_knee_joint,R_leg_ankle_joint
0.0000,-0.220982,0.707697,-0.273761,-1.427329,0.816511,-0.429613,-0.399032,1.117443,-0.498378,0.151978,-0.475373,0.295421,-1.568741,0.121749,0.013322,-0.637046,0.871330,-0.355812
0.0334,-0.107378,0.771063,-0.072194,-1.769841,0.732457,-0.487054,-0.454116,1.012651,-0.435086,0.244405,-0.476867,0.188876,-1.800000,0.087355,-0.012684,-0.767954,0.878437,-0.313378
0.0668,-0.047032,0.837235,0.007488,-1.800000,0.783957,-0.522606,-0.399300,0.964602,-0.446692,0.247265,-0.473736,0.184976,-1.800000,0.103093,-0.033658,-0.789003,0.884477,-0.299919
0.1001,-0.000656,0.902446,0.050960,-1.800000,0.852885,-0.561296,-0.323833,0.916775,-0.449976,0.258461,-0.472042,0.191314,-1.800000,0.119451,-0.053923,-0.797317,0.885628,-0.290745
0.1335,0.047472,0.951173,0.100273,-1.800000,0.898860,-0.590012,-0.260106,0.876540,-0.448444,0.267917,-0.473476,0.193191,-1.800000,0.125793,-0.070237,-0.810370,0.888965,-0.283156
0.1669,0.097079,0.984657,0.145554,-1.800000,0.903532,-0.593438,-0.236766,0.861491,-0.465870,0.279102,-0.477619,0.178468,-1.800000,0.124794,-0.084658,-0.830381,0.900523,-0.278703
0.2003,0.147091,0.993072,0.172877,-1.800000,0.904848,-0.582331,-0.238046,0.882360,-0.492532,0.289231,-0.474955,0.158389,-1.800000,0.120959,-0.093146,-0.846334,0.927806,-0.283020
0.2336,0.202446,0.935362,0.198154,-1.800000,0.894045,-0.572753,-0.255677,0.928139,-0.516860,0.287795,-0.462387,0.136880,-1.800000,0.100678,-0.087024,-0.857987,0.958386,-0.299035
0.2670,0.261734,0.833619,0.197621,-1.800000,0.872541,-0.550650,-0.302698,1.011008,-0.543099,0.263963,-0.420731,0.124531,-1.800000,0.072063,-0.066687,-0.863625,1.010413,-0.326467
0.3004,0.288067,0.710082,0.161224,-1.800000,0.818546,-0.514494,-0.375150,1.086504,-0.558960,0.185319,-0.346318,0.124851,-1.800000,0.026312,-0.027500,-0.848336,1.055970,-0.362942
0.3338,0.271318,0.616435,0.065169,-1.800000,0.726936,-0.443147,-0.463187,1.128542,-0.567175,-0.006581,-0.282362,0.123053,-1.800000,-0.046890,0.059181,-0.783808,1.073883,-0.413041
0.3671,0.217172,0.567480,-0.062401,-1.799979,0.586582,-0.349885,-0.556758,1.138691,-0.552090,-0.315752,-0.299518,0.104278,-1.800000,-0.187424,0.196950,-0.679648,1.072643,-0.463230
0.4005,0.160309,0.546318,-0.164500,-1.799957,0.426729,-0.234059,-0.630891,1.135734,-0.515410,-0.608677,-0.411650,0.095879,-1.800000,-0.404125,0.351479,-0.497618,1.058910,-0.513062
0.4339,0.133914,0.570047,-0.177773,-1.800000,0.291678,-0.121036,-0.720271,1.116824,-0.440111,-0.796917,-0.565366,0.077676,-1.724175,-0.531775,0.439972,-0.348967,1.011795,-0.505390
0.4673,0.189164,0.586926,-0.086028,-1.800000,0.209032,-0.062049,-0.769729,1.076578,-0.367589,-1.002881,-0.680680,0.039214,-1.261217,-0.548323,0.447411,-0.313184,0.976649,-0.471092
0.5006,0.294327,0.539802,0.046911,-1.800000,0.141293,-0.034317,-0.806902,1.042059,-0.301265,-1.140700,-0.808382,0.025847,-0.779738,-0.567601,0.431895,-0.319115,0.961797,-0.425551
0.5340,0.389648,0.465986,0.158050,-1.800000,0.105070,0.031398,-0.837051,1.009907,-0.260856,-1.128973,-0.995944,0.102723,-0.689315,-0.587902,0.456481,-0.281553,0.925334,-0.410738
0.5674,0.446584,0.399774,0.176019,-1.800000,0.051228,0.114542,-0.857083,0.993852,-0.248777,-1.001651,-1.076892,0.008615,-0.893589,-0.629370,0.462481,-0.260332,0.925914,-0.434596
0.6008,0.461267,0.367566,0.124024,-1.800000,-0.000103,0.176329,-0.866117,1.008547,-0.251764,-0.856090,-1.139681,-0.090304,-1.083544,-0.693258,0.460067,-0.249453,0.949781,-0.465783
0.6341,0.435756,0.365831,0.041344,-1.800000,-0.032689,0.199678,-0.867698,1.037154,-0.268240,-0.713367,-1.183125,-0.114308,-1.238869,-0.770991,0.464811,-0.250519,0.985641,-0.483633
0.6675,0.376596,0.369706,-0.037395,-1.800000,-0.038636,0.207517,-0.868941,1.043935,-0.281092,-0.604523,-1.145673,-0.123660,-1.356804,-0.798274,0.478115,-0.289952,1.009180,-0.450013
0.7009,0.305612,0.370385,-0.086726,-1.800000,-0.008432,0.215331,-0.895109,1.049002,-0.285912,-0.532359,-1.063502,-0.094583,-1.459300,-0.712229,0.461410,-0.400022,1.030983,-0.378208
0.7343,0.250063,0.349419,-0.130698,-1.800000,-0.000179,0.200976,-0.894612,1.089611,-0.326683,-0.448508,-0.993094,-0.029970,-1.558830,-0.707223,0.421853,-0.451943,1.113568,-0.409588
0.7676,0.184691,0.334812,-0.165538,-1.800000,0.029923,0.181776,-0.904912,1.119105,-0.351619,-0.370188,-0.918486,0.036310,-1.655022,-0.668616,0.387505,-0.480668,1.136096,-0.448671
0.8010,0.105013,0.330531,-0.185852,-1.800000,0.098344,0.159408,-0.937062,1.143880,-0.375101,-0.308052,-0.816922,0.089647,-1.725955,-0.596844,0.390328,-0.504913,1.117282,-0.473097
0.8344,0.030815,0.317289,-0.211753,-1.800000,0.172565,0.117202,-0.953706,1.160344,-0.401974,-0.250095,-0.700363,0.154994,-1.754223,-0.518255,0.391223,-0.569390,1.136475,-0.469983
0.8678,-0.038399,0.305055,-0.244109,-1.800000,0.239078,0.053065,-0.944616,1.152946,-0.421114,-0.196778,-0.585519,0.234926,-1.741495,-0.429023,0.366322,-0.667180,1.153344,-0.444258
0.9011,-0.097436,0.287937,-0.280842,-1.800000,0.299472,-0.012327,-0.899915,1.143128,-0.447399,-0.130102,-0.498271,0.304701,-1.717635,-0.349546,0.307800,-0.739051,1.149734,-0.420450
0.9345,-0.156999,0.297731,-0.308038,-1.800000,0.376137,-0.098032,-0.837715,1.126771,-0.470370,-0.071348,-0.441192,0.337491,-1.703509,-0.257633,0.232494,-0.815819,1.135057,-0.369738
0.9679,-0.223824,0.330261,-0.352648,-1.800000,0.448355,-0.193072,-0.731085,1.088932,-0.491618,0.005682,-0.408462,0.349661,-1.698386,-0.192418,0.140417,-0.860853,1.111387,-0.326529
1.0013,-0.301112,0.403087,-0.408976,-1.800000,0.525263,-0.299939,-0.566788,1.003431,-0.507981,0.077075,-0.389401,0.363448,-1.691669,-0.139030,0.034857,-0.889026,1.076121,-0.275497
1.0346,-0.391493,0.557188,-0.424589,-1.800000,0.614350,-0.412063,-0.329872,0.841808,-0.499273,0.139784,-0.402925,0.346135,-1.703859,-0.091173,-0.083601,-0.888834,1.016101,-0.219183
1.0680,-0.465072,0.838094,-0.393076,-1.800000,0.717023,-0.534026,-0.065929,0.629065,-0.456628,0.190371,-0.428191,0.307890,-1.744688,-0.047695,-0.196846,-0.892448,0.938572,-0.157863
1.1014,-0.395667,1.262502,-0.272064,-1.800000,0.849955,-0.633429,0.162432,0.445525,-0.402406,0.234047,-0.444457,0.256245,-1.800000,0.016558,-0.283126,-0.913279,0.868204,-0.091109
1.1348,-0.133444,1.679426,-0.085288,-1.567064,1.000000,-0.647972,0.338023,0.336272,-0.365132,0.294240,-0.411292,0.228543,-1.800000,0.113400,-0.312855,-0.877135,0.831878,-0.063045
1.1682,0.014221,1.911376,0.055353,-1.131302,1.000000,-0.650000,0.351302,0.298451,-0.329247,0.397619,-0.348942,0.131953,-1.800000,0.127138,-0.288299,-0.878876,0.831862,-0.047117
1.2015,0.096272,2.043594,0.160274,-0.857147,1.000000,-0.650000,0.336514,0.313527,-0.320045,0.494078,-0.300541,0.032880,-1.800000,0.134393,-0.278493,-0.902670,0.849522,-0.046355
1.2349,0.061620,2.027518,0.283007,-0.822217,1.000000,-0.650000,0.317404,0.355721,-0.330156,0.573481,-0.253568,-0.040076,-1.800000,0.142015,-0.283568,-0.937504,0.868798,-0.052246
1.2683,0.064460,2.016685,0.343802,-0.860153,1.000000,-0.645077,0.299018,0.409064,-0.349577,0.651389,-0.189162,-0.105938,-1.800000,0.148922,-0.299364,-0.968089,0.887571,-0.064795
1.3017,0.104300,1.986374,0.365587,-0.928939,1.000000,-0.626936,0.278245,0.463139,-0.381587,0.686743,-0.140193,-0.152712,-1.800000,0.158048,-0.313831,-0.984655,0.914300,-0.078949
1.3350,0.125047,1.878472,0.403687,-1.050807,1.000000,-0.587086,0.252530,0.526175,-0.419985,0.678097,-0.117477,-0.166089,-1.800000,0.168532,-0.305686,-0.972959,0.948685,-0.100446
1.3684,0.123962,1.724666,0.400490,-1.213847,1.000000,-0.563675,0.239542,0.566440,-0.451550,0.615233,-0.139618,-0.135031,-1.800000,0.168268,-0.302796,-0.951450,0.956941,-0.120461
1.4018,0.101726,1.581477,0.355268,-1.348103,1.000000,-0.557751,0.223795,0.594309,-0.471464,0.525425,-0.183246,-0.094242,-1.800000,0.163053,-0.299618,-0.943745,0.956307,-0.124562
1.4352,0.083475,1.451003,0.287298,-1.466361,1.000000,-0.550749,0.197287,0.635263,-0.490347,0.431357,-0.229808,-0.038841,-1.800000,0.158638,-0.291730,-0.938938,0.958715,-0.127198
1.4685,0.086843,1.336643,0.229837,-1.568389,1.000000,-0.536430,0.162551,0.690929,-0.513429,0.342191,-0.272971,0.011907,-1.800000,0.152016,-0.279514,-0.929181,0.967421,-0.138516
1.5019,0.108733,1.225459,0.194053,-1.655410,1.000000,-0.505372,0.118619,0.760564,-0.544785,0.245555,-0.303140,0.079856,-1.800000,0.152600,-0.259889,-0.912539,0.984634,-0.156005
1.5353,0.154428,1.119082,0.167962,-1.736799,1.000000,-0.466694,0.064581,0.841156,-0.581068,0.134661,-0.317134,0.153591,-1.800000,0.154534,-0.239758,-0.888822,0.995483,-0.173283
1.5687,0.206633,1.010041,0.144472,-1.799928,1.000000,-0.425691,-0.004729,0.923839,-0.619610,0.008836,-0.305637,0.216309,-1.800000,0.159673,-0.208819,-0.855569,0.993555,-0.186218
1.6020,0.237516,0.898695,0.126904,-1.800000,1.000000,-0.387576,-0.078093,0.973620,-0.637930,-0.139345,-0.267792,0.262134,-1.800000,0.168370,-0.155031,-0.791520,0.934849,-0.185346
1.6354,0.182118,0.764211,0.034053,-1.800000,0.929034,-0.366391,-0.187592,0.997378,-0.614603,-0.311585,-0.258072,0.266574,-1.800000,0.089971,-0.007544,-0.707699,0.833977,-0.188956
1.6688,0.086762,0.630126,-0.078216,-1.800000,0.751831,-0.334169,-0.294026,0.972250,-0.561725,-0.541943,-0.351665,0.238489,-1.800000,-0.153129,0.283004,-0.548639,0.738164,-0.246447
1.7022,0.011687,0.562811,-0.166932,-1.800000,0.568776,-0.245136,-0.383509,0.931285,-0.494378,-0.773510,-0.522227,0.206906,-1.800000,-0.478188,0.526111,-0.270467,0.705303,-0.270768
1.7355,-0.044376,0.547467,-0.218231,-1.800000,0.434109,-0.158969,-0.496942,0.896752,-0.416276,-0.918074,-0.728579,0.186509,-1.729535,-0.615791,0.555128,-0.102843,0.712877,-0.213319
1.7689,-0.064240,0.530767,-0.203747,-1.800000,0.363210,-0.102458,-0.614934,0.876338,-0.336226,-1.086142,-0.795254,0.174014,-1.234384,-0.575951,0.539909,-0.098741,0.738264,-0.177500
1.8023,-0.053047,0.445228,-0.165182,-1.800000,0.305826,-0.098821,-0.692866,0.890572,-0.298747,-1.224936,-0.864986,0.162979,-0.827162,-0.597529,0.552428,-0.104771,0.725425,-0.142446
1.8357,-0.038328,0.413402,-0.146123,-1.800000,0.292453,-0.075900,-0.766101,0.961309,-0.305908,-1.233596,-0.935679,0.231635,-0.809762,-0.632317,0.584270,-0.076702,0.737033,-0.155906
1.8690,-0.028298,0.395957,-0.154372,-1.800000,0.273860,-0.042610,-0.825308,1.033418,-0.337643,-1.229008,-0.941460,0.254335,-0.891846,-0.696070,0.616776,-0.027096,0.748453,-0.205576
1.9024,-0.027890,0.355897,-0.256624,-1.800000,0.256717,0.005822,-0.825214,1.033493,-0.347293,-1.133697,-0.975634,0.281130,-1.167917,-0.743955,0.617081,0.092416,0.641385,-0.200271
1.9358,-0.041036,0.372527,-0.310930,-1.800000,0.247887,0.011769,-0.840769,1.053131,-0.350229,-1.000791,-0.969369,0.230871,-1.372412,-0.756243,0.616628,0.116258,0.606433,-0.199196
1.9692,-0.048733,0.395388,-0.322253,-1.800000,0.251542,-0.014179,-0.841902,1.055039,-0.344070,-0.877935,-0.904062,0.187269,-1.524875,-0.729063,0.606468,0.071459,0.606503,-0.183022
2.0025,-0.042401,0.412649,-0.316714,-1.800000,0.269882,-0.059397,-0.829931,1.039596,-0.331182,-0.793877,-0.791661,0.194200,-1.621275,-0.666622,0.589219,-0.022827,0.623889,-0.155742
2.0359,-0.041041,0.433420,-0.299085,-1.800000,0.293152,-0.117071,-0.819366,1.010373,-0.315234,-0.728729,-0.686512,0.247652,-1.668858,-0.590684,0.573284,-0.147717,0.654283,-0.122195
2.0693,-0.042427,0.460649,-0.296071,-1.800000,0.317371,-0.171938,-0.800761,0.987991,-0.312409,-0.655916,-0.600490,0.305684,-1.668905,-0.532383,0.556798,-0.249762,0.687620,-0.102428
2.1027,-0.047186,0.485547,-0.293869,-1.800000,0.339580,-0.232905,-0.778580,0.956201,-0.309074,-0.580373,-0.531911,0.354193,-1.651720,-0.470765,0.531866,-0.363980,0.729947,-0.089521
2.1360,-0.057523,0.522930,-0.304304,-1.800000,0.365867,-0.276307,-0.767451,0.942733,-0.313009,-0.492315,-0.474262,0.392176,-1.619257,-0.395865,0.482696,-0.464963,0.787595,-0.113337
2.1694,-0.071780,0.557127,-0.321778,-1.800000,0.391530,-0.318450,-0.765567,0.937381,-0.312342,-0.403101,-0.430212,0.423759,-1.589831,-0.313161,0.418313,-0.561601,0.872744,-0.166057
2.2028,-0.078406,0.580672,-0.336651,-1.800000,0.407225,-0.349887,-0.765939,0.981696,-0.339218,-0.312630,-0.412905,0.432829,-1.566919,-0.287595,0.369142,-0.604575,0.984414,-0.233222
2.2362,-0.088219,0.551058,-0.357029,-1.800000,0.402805,-0.400419,-0.693147,0.937697,-0.331697,-0.217874,-0.420827,0.451804,-1.546997,-0.299902,0.311239,-0.645635,1.113901,-0.272129
2.2696,-0.117546,0.512200,-0.373330,-1.800000,0.379594,-0.451711,-0.654198,0.885492,-0.302079,-0.148137,-0.436967,0.455483,-1.539579,-0.313185,0.266147,-0.687688,1.207382,-0.293066
2.3029,-0.152280,0.483221,-0.377363,-1.800000,0.363929,-0.474114,-0.649173,0.852431,-0.270248,-0.095190,-0.443550,0.439622,-1.534688,-0.297106,0.217304,-0.707930,1.241900,-0.287784
2.3363,-0.179400,0.453151,-0.377441,-1.800000,0.361004,-0.468028,-0.663682,0.837252,-0.239039,-0.041975,-0.430466,0.413660,-1.543845,-0.274272,0.189420,-0.689549,1.193722,-0.312083
2.3697,-0.196816,0.418565,-0.376193,-1.800000,0.358838,-0.471624,-0.685139,0.820723,-0.205588,-0.013120,-0.421197,0.403202,-1.557863,-0.255466,0.173846,-0.662603,1.100835,-0.339100
2.4031,-0.196561,0.395312,-0.363970,-1.800000,0.376757,-0.470136,-0.704427,0.819257,-0.177370,-0.009169,-0.417863,0.404153,-1.570743,-0.232611,0.186843,-0.631561,1.033930,-0.371992
2.4364,-0.194012,0.368339,-0.350394,-1.800000,0.384595,-0.483734,-0.716456,0.803208,-0.141056,-0.025629,-0.426044,0.413931,-1.572935,-0.219724,0.207863,-0.629981,1.000952,-0.386087
2.4698,-0.196515,0.339371,-0.347788,-1.800000,0.374374,-0.501628,-0.735234,0.757315,-0.082199,-0.059455,-0.436771,0.431803,-1.569305,-0.206318,0.232898,-0.659705,0.987517,-0.376004
2.5032,-0.200222,0.312953,-0.367868,-1.800000,0.353850,-0.503940,-0.738951,0.692984,-0.019378,-0.083467,-0.448619,0.441147,-1.565927,-0.200465,0.259366,-0.669645,0.974075,-0.358118
2.5366,-0.225400,0.293201,-0.393974,-1.800000,0.306682,-0.503969,-0.745630,0.601537,0.046557,-0.106988,-0.482011,0.439755,-1.578457,-0.204867,0.282364,-0.696407,0.958984,-0.347670
2.5699,-0.264453,0.273350,-0.419330,-1.799831,0.240251,-0.442389,-0.751808,0.521384,0.081780,-0.121527,-0.532707,0.427402,-1.601090,-0.222736,0.301974,-0.727205,0.955673,-0.347732
2.6033,-0.287791,0.283676,-0.416258,-1.800000,0.194127,-0.398597,-0.790593,0.568960,0.025350,-0.137847,-0.589612,0.420931,-1.619284,-0.230654,0.304579,-0.781214,0.999483,-0.367048
2.6367,-0.304644,0.285630,-0.418100,-1.800000,0.186880,-0.401028,-0.796064,0.635699,-0.060004,-0.144861,-0.629963,0.412334,-1.641691,-0.227529,0.315544,-0.794810,1.018421,-0.392958
2.6701,-0.312750,0.298583,-0.421694,-1.800000,0.201427,-0.430155,-0.799543,0.726979,-0.150238,-0.145330,-0.659725,0.401272,-1.659800,-0.219089,0.335602,-0.803555,1.040019,-0.425435
2.7034,-0.310381,0.311159,-0.424076,-1.800000,0.237468,-0.451534,-0.781847,0.826664,-0.248004,-0.140491,-0.665466,0.389265,-1.678522,-0.202915,0.354591,-0.792626,1.049023,-0.448755
2.7368,-0.287412,0.320064,-0.426910,-1.800000,0.290739,-0.427827,-0.720017,0.918339,-0.345859,-0.130255,-0.639780,0.384435,-1.696392,-0.183779,0.361453,-0.727794,1.021233,-0.462917
2.7702,-0.235097,0.328266,-0.431367,-1.800000,0.318555,-0.360326,-0.606536,0.936865,-0.390002,-0.131129,-0.577327,0.414530,-1.677828,-0.169709,0.362309,-0.568977,0.872985,-0.425242
2.8036,-0.235287,0.322721,-0.423383,-1.800000,0.261224,-0.315738,-0.591094,0.960917,-0.397081,-0.159046,-0.562702,0.423954,-1.662367,-0.158929,0.353221,-0.568254,0.827418,-0.390436
2.8369,-0.244109,0.324088,-0.410984,-1.800000,0.202942,-0.281310,-0.566263,0.952974,-0.390416,-0.179185,-0.553110,0.417293,-1.662968,-0.147525,0.345827,-0.589873,0.812224,-0.366020
2.8703,-0.248443,0.327676,-0.400172,-1.800000,0.171645,-0.274060,-0.517705,0.913342,-0.382628,-0.196857,-0.540581,0.413422,-1.671823,-0.127382,0.329203,-0.615241,0.809402,-0.351198
2.9037,-0.256978,0.337245,-0.406915,-1.800000,0.173942,-0.287283,-0.442997,0.819898,-0.392302,-0.204769,-0.522768,0.408789,-1.684451,-0.109120,0.318461,-0.631434,0.814681,-0.353745
2.9371,-0.271213,0.350116,-0.405543,-1.800000,0.189898,-0.325254,-0.358368,0.682246,-0.409952,-0.209357,-0.509499,0.397136,-1.704308,-0.095567,0.306761,-0.663635,0.837141,-0.352897
2.9704,-0.297274,0.365765,-0.411512,-1.800000,0.197024,-0.360621,-0.299991,0.572783,-0.408240,-0.213081,-0.501961,0.374084,-1.728916,-0.081871,0.289266,-0.720480,0.882294,-0.348005
3.0038,-0.332364,0.382095,-0.426056,-1.800000,0.190301,-0.377507,-0.277704,0.498019,-0.402675,-0.209796,-0.492568,0.346377,-1.753166,-0.069326,0.279726,-0.796053,0.947035,-0.332332
3.0372,-0.348787,0.414717,-0.429191,-1.800000,0.199193,-0.393957,-0.297909,0.534558,-0.439320,-0.198286,-0.489318,0.328652,-1.770047,-0.063319,0.286807,-0.870393,1.040147,-0.330138
3.0706,-0.371730,0.449518,-0.437472,-1.800000,0.217015,-0.419413,-0.303528,0.561632,-0.473975,-0.185170,-0.478169,0.309506,-1.794426,-0.069221,0.314885,-0.928167,1.116581,-0.344298
3.1039,-0.391102,0.481160,-0.442327,-1.800000,0.216955,-0.475765,-0.282736,0.583852,-0.505224,-0.173699,-0.481347,0.300875,-1.799992,-0.133301,0.366967,-0.961831,1.192832,-0.377902
3.1373,-0.398572,0.514127,-0.435104,-1.800000,0.207067,-0.549767,-0.251948,0.617279,-0.545297,-0.169143,-0.510050,0.301559,-1.800000,-0.243197,0.448633,-0.966502,1.278567,-0.417058
3.1707,-0.407844,0.542708,-0.426981,-1.800000,0.197552,-0.610759,-0.192918,0.627660,-0.573842,-0.157540,-0.543636,0.303253,-1.800000,-0.357582,0.498060,-0.932725,1.353271,-0.431834
3.2041,-0.420520,0.557205,-0.425447,-1.800000,0.225214,-0.641404,-0.002199,0.481519,-0.533334,-0.107359,-0.580727,0.304832,-1.800000,-0.425087,0.461328,-0.822063,1.332630,-0.435917
3.2374,-0.421603,0.647174,-0.423287,-1.800000,0.277763,-0.649894,0.099164,0.392439,-0.488626,-0.090195,-0.578852,0.307673,-1.800000,-0.390007,0.429552,-0.747559,1.248872,-0.482800
3.2708,-0.408161,0.764233,-0.412787,-1.800000,0.344872,-0.650000,0.144837,0.426973,-0.478510,-0.060322,-0.559985,0.306675,-1.800000,-0.344357,0.360182,-0.682209,1.174953,-0.530155
3.3042,-0.334396,0.918588,-0.337018,-1.800000,0.461407,-0.650000,0.125735,0.649273,-0.486565,-0.038487,-0.536832,0.339523,-1.800000,-0.272912,0.279775,-0.645678,1.142033,-0.555754
3.3376,-0.226725,1.086646,-0.218416,-1.800000,0.533319,-0.650000,-0.012068,1.002386,-0.421511,-0.020433,-0.531219,0.384410,-1.800000,-0.212672,0.195936,-0.662837,1.164319,-0.562200
3.3709,-0.118535,1.268784,-0.083839,-1.800000,0.513420,-0.616948,-0.277362,1.347605,-0.436153,-0.012175,-0.528089,0.424363,-1.800000,-0.146576,0.150208,-0.726422,1.191264,-0.544171
3.4043,-0.036607,1.447794,0.040468,-1.800000,0.411778,-0.548459,-0.620601,1.603438,-0.444610,0.004626,-0.548622,0.418337,-1.800000,-0.105221,0.135243,-0.805402,1.210505,-0.529415
3.4377,0.038066,1.622427,0.131322,-1.800000,0.385860,-0.464738,-0.881837,1.722471,-0.409552,0.033581,-0.568303,0.404087,-1.800000,-0.062698,0.125311,-0.875492,1.221263,-0.496656
3.4711,0.097360,1.761250,0.156414,-1.677666,0.414135,-0.410285,-0.985820,1.695218,-0.381478,0.091928,-0.594756,0.390134,-1.800000,-0.047000,0.077245,-0.917741,1.234272,-0.478057
3.5045,0.151669,1.881433,0.142622,-1.500980,0.457804,-0.381366,-1.021212,1.564229,-0.344435,0.143849,-0.618271,0.389016,-1.800000,-0.028578,0.031270,-0.957419,1.223651,-0.436438
3.5378,0.202607,1.973150,0.092690,-1.314126,0.502448,-0.385386,-0.995181,1.374768,-0.303010,0.181037,-0.657170,0.387523,-1.800000,-0.019961,-0.020543,-0.993301,1.202539,-0.389161
3.5712,0.231412,2.061648,-0.000730,-1.113602,0.537620,-0.389526,-0.968829,1.180412,-0.249792,0.195408,-0.702612,0.391290,-1.800000,-0.007811,-0.059059,-1.031683,1.167093,-0.338427
3.6046,0.252628,2.085240,-0.118330,-0.911196,0.554837,-0.426919,-0.926729,0.993958,-0.179919,0.193575,-0.771114,0.393256,-1.800000,-0.012530,-0.117547,-1.078857,1.121554,-0.286062
3.6380,0.285221,2.092613,-0.240827,-0.720842,0.584832,-0.478908,-0.874534,0.859910,-0.122594,0.200486,-0.844314,0.384418,-1.800000,-0.021682,-0.162452,-1.109474,1.083050,-0.251372
3.6713,0.317792,2.095802,-0.359080,-0.559821,0.602196,-0.540550,-0.833400,0.785126,-0.084076,0.223113,-0.927123,0.358487,-1.800000,-0.047579,-0.203469,-1.151514,1.065247,-0.215952
3.7047,0.332232,2.092461,-0.446907,-0.439761,0.632698,-0.593974,-0.800326,0.785641,-0.072882,0.261323,-1.001183,0.334286,-1.800000,-0.069824,-0.240069,-1.189010,1.078321,-0.202693
3.7381,0.330403,2.088100,-0.458028,-0.405980,0.646925,-0.608810,-0.844222,0.888424,-0.075801,0.301323,-1.029144,0.328701,-1.800000,-0.091978,-0.253006,-1.224939,1.124128,-0.207227
3.7715,0.319491,2.069571,-0.454670,-0.394127,0.654550,-0.604381,-0.879843,0.996610,-0.094636,0.341579,-1.058701,0.326421,-1.800000,-0.115320,-0.255515,-1.251285,1.184260,-0.226041
3.8048,0.311712,1.999395,-0.434655,-0.424693,0.677640,-0.574784,-0.890877,1.105173,-0.186172,0.368829,-1.056772,0.325194,-1.800000,-0.133907,-0.249366,-1.255294,1.274779,-0.263928
3.8382,0.327684,1.826180,-0.338090,-0.578967,0.678441,-0.496935,-0.856442,1.222175,-0.278046,0.398918,-0.997901,0.314431,-1.800000,-0.181092,-0.272077,-1.191826,1.400117,-0.355469
3.8716,0.330547,1.580023,-0.173047,-0.866688,0.593189,-0.394159,-0.863502,1.309236,-0.345592,0.372278,-0.797625,0.279861,-1.800000,-0.275359,-0.276098,-1.069799,1.493600,-0.470756
3.9050,0.262168,1.239853,-0.093023,-1.208396,0.406786,-0.301920,-0.892127,1.332882,-0.382308,0.184829,-0.527781,0.225532,-1.800000,-0.436792,-0.262430,-0.907623,1.528289,-0.581158
3.9383,0.137035,0.896634,-0.131403,-1.448419,0.146791,-0.196624,-0.907600,1.301947,-0.361932,-0.176451,-0.384720,0.191214,-1.800000,-0.670635,-0.201782,-0.673648,1.496713,-0.671828
3.9717,0.076079,0.683994,-0.157070,-1.595460,-0.054132,-0.041240,-0.893761,1.283636,-0.310161,-0.542413,-0.488794,0.221568,-1.800000,-0.865270,-0.068400,-0.253835,1.300619,-0.694017
4.0051,0.136483,0.617198,-0.072316,-1.746135,-0.158187,0.115179,-0.870428,1.283033,-0.286557,-0.719325,-0.744590,0.246596,-1.800000,-0.999998,0.052505,0.181277,1.010007,-0.613590
4.0385,0.279884,0.577810,0.113697,-1.799998,-0.175368,0.206727,-0.869981,1.282767,-0.285178,-0.893169,-0.886263,0.259584,-1.492173,-1.000000,0.110633,0.380040,0.844619,-0.520165
4.0718,0.453109,0.448286,0.300865,-1.800000,-0.174653,0.256474,-0.873780,1.262120,-0.280406,-1.078284,-0.957216,0.265122,-1.040051,-1.000000,0.168728,0.484846,0.709645,-0.439422
4.1052,0.557301,0.334045,0.389437,-1.800000,-0.151467,0.285721,-0.889793,1.301088,-0.299424,-1.153334,-1.002654,0.277151,-0.920284,-1.000000,0.209693,0.542150,0.669515,-0.421996
4.1386,0.623944,0.245853,0.415998,-1.800000,-0.177280,0.337000,-0.899767,1.303982,-0.294858,-1.211869,-0.998439,0.288796,-0.927149,-1.000000,0.239498,0.588676,0.642781,-0.402095
4.1720,0.590975,0.228380,0.294697,-1.800000,-0.244619,0.432456,-0.864735,1.183638,-0.226741,-1.182216,-1.090869,0.312228,-1.023367,-0.999964,0.280183,0.629728,0.582966,-0.360840
4.2053,0.503678,0.285703,0.198630,-1.800000,-0.248650,0.489850,-0.884679,1.131663,-0.191312,-1.052779,-1.172317,0.247765,-1.140326,-0.934295,0.315488,0.562989,0.614315,-0.361936
4.2387,0.404055,0.316296,0.100904,-1.800000,-0.245686,0.505739,-0.905661,1.084075,-0.158787,-0.920524,-1.212756,0.149020,-1.240451,-0.888576,0.321498,0.447606,0.683879,-0.394476
4.2721,0.301963,0.314607,-0.001810,-1.800000,-0.236460,0.510654,-0.935833,1.057477,-0.145794,-0.805228,-1.240446,0.097717,-1.360486,-0.890787,0.333044,0.334104,0.763517,-0.430742
4.3055,0.187248,0.303310,-0.092131,-1.800000,-0.238574,0.511246,-0.967790,1.046773,-0.137569,-0.691998,-1.245820,0.072701,-1.498301,-0.942931,0.355654,0.246685,0.815908,-0.465248
4.3388,0.041732,0.290411,-0.185030,-1.800000,-0.215360,0.513633,-1.017969,1.028936,-0.116587,-0.612254,-1.213825,0.082482,-1.650392,-0.924331,0.400738,0.121426,0.846651,-0.465918
4.3722,-0.109493,0.262033,-0.269272,-1.800000,-0.210351,0.497188,-1.045933,1.036871,-0.112856,-0.541491,-1.141970,0.128456,-1.772901,-0.898048,0.386302,-0.011513,0.940437,-0.453879
4.4056,-0.275985,0.250990,-0.329027,-1.800000,-0.194586,0.467796,-1.064653,1.052638,-0.129372,-0.497021,-1.028338,0.199099,-1.800000,-0.842630,0.327253,-0.138937,1.054695,-0.472041
4.4390,-0.460678,0.284908,-0.360888,-1.800000,-0.150077,0.421670,-1.068538,1.032287,-0.139565,-0.486677,-0.864125,0.318135,-1.800000,-0.779609,0.295547,-0.220728,1.054920,-0.484698
4.4723,-0.624822,0.400583,-0.361358,-1.800000,-0.093546,0.328578,-1.018175,0.976483,-0.148284,-0.465505,-0.669452,0.414759,-1.775604,-0.696094,0.253055,-0.306346,1.021527,-0.451980
4.5057,-0.738631,0.605001,-0.329366,-1.800000,-0.051355,0.176047,-0.897319,0.868986,-0.157486,-0.421523,-0.536413,0.517752,-1.684733,-0.627384,0.176675,-0.440289,1.021130,-0.374699
4.5391,-0.727260,0.922227,-0.248698,-1.799738,0.009811,-0.044749,-0.745089,0.756449,-0.162394,-0.304573,-0.532518,0.560814,-1.686150,-0.564921,0.082789,-0.602534,1.032837,-0.283834
4.5725,-0.584700,1.290082,-0.152943,-1.529426,0.115787,-0.289866,-0.594758,0.685032,-0.179385,-0.171309,-0.644896,0.575831,-1.780329,-0.483056,-0.009001,-0.778323,1.042071,-0.178443
4.6059,-0.378941,1.649327,-0.003773,-0.990309,0.263808,-0.498677,-0.498602,0.695276,-0.216121,-0.074443,-0.773611,0.546245,-1.800000,-0.376415,-0.083581,-0.938704,1.038324,-0.082493
4.6392,-0.120734,1.989712,0.082046,-0.435207,0.447060,-0.624013,-0.416493,0.775027,-0.288947,0.022947,-0.907776,0.431026,-1.800000,-0.256038,-0.182301,-1.013557,1.023902,-0.043680
4.6726,-0.061241,2.071538,0.245679,-0.356237,0.627038,-0.646758,-0.323112,0.859394,-0.384462,0.171602,-0.938968,0.325397,-1.799999,-0.150687,-0.271688,-1.009681,1.044774,-0.069419
4.7060,-0.049115,2.084534,0.294774,-0.353596,0.762441,-0.638881,-0.254003,0.904248,-0.451991,0.277731,-0.907855,0.240638,-1.800000,-0.057062,-0.344907,-1.002707,1.046439,-0.107861
4.7394,0.058032,2.086083,0.232665,-0.244397,0.861163,-0.636460,-0.160680,0.887106,-0.464576,0.328865,-0.870849,0.216115,-1.800000,0.003138,-0.375546,-0.970619,1.007055,-0.123833
4.7727,0.091619,2.068675,0.226403,-0.234996,0.894056,-0.650000,-0.126927,0.893976,-0.486714,0.292308,-0.825999,0.247104,-1.800000,0.006585,-0.372881,-1.021835,1.060003,-0.116060
4.8061,0.085972,1.974927,0.247701,-0.322685,0.897818,-0.650000,-0.060064,0.858215,-0.495003,0.222985,-0.771673,0.313225,-1.800000,-0.015174,-0.381567,-1.039746,1.108075,-0.133748
4.8395,0.088836,1.862368,0.247284,-0.504396,0.867974,-0.650000,-0.063405,0.862953,-0.501428,0.125404,-0.707213,0.359300,-1.800000,-0.046937,-0.391350,-1.047128,1.133525,-0.162048
4.8729,0.069096,1.735147,0.242602,-0.766249,0.799805,-0.650000,-0.138431,0.910398,-0.503904,0.003987,-0.637128,0.380220,-1.800000,-0.094552,-0.387017,-1.069082,1.165309,-0.190534
4.9062,0.031439,1.550290,0.261698,-1.081485,0.695587,-0.632109,-0.264896,0.983209,-0.498956,-0.132009,-0.552031,0.384170,-1.800000,-0.158243,-0.358196,-1.076073,1.194925,-0.229637
4.9396,-0.018898,1.294034,0.238494,-1.428648,0.576748,-0.561086,-0.390447,1.045105,-0.487032,-0.282076,-0.440167,0.382646,-1.800000,-0.224951,-0.288909,-1.002747,1.216054,-0.310908
4.9730,-0.110637,0.982988,0.095253,-1.684313,0.418147,-0.437799,-0.492410,1.066660,-0.449110,-0.466357,-0.353717,0.381588,-1.800000,-0.332709,-0.178557,-0.826866,1.192805,-0.404119
5.0064,-0.171456,0.730472,-0.094461,-1.782964,0.252625,-0.265850,-0.525356,1.064269,-0.399787,-0.680256,-0.385903,0.370530,-1.800000,-0.482403,-0.050663,-0.500961,1.084308,-0.470110
5.0397,-0.170912,0.608586,-0.242392,-1.800000,0.085618,-0.083380,-0.531653,1.055032,-0.352138,-0.879881,-0.573281,0.407945,-1.800000,-0.659475,0.056878,-0.129857,0.921821,-0.471525
5.0731,-0.133407,0.604537,-0.286982,-1.800000,-0.056165,0.082962,-0.586677,1.057647,-0.302438,-0.969850,-0.813734,0.430485,-1.708448,-0.816578,0.148054,0.157995,0.756658,-0.427998
5.1065,-0.068932,0.591963,-0.247467,-1.800000,-0.170375,0.222019,-0.658594,1.051121,-0.256857,-1.019464,-0.987242,0.391392,-1.349498,-0.935427,0.227175,0.349742,0.631766,-0.376845
5.1399,0.021739,0.502249,-0.156585,-1.800000,-0.255761,0.307568,-0.721546,1.047250,-0.193956,-1.022670,-1.239882,0.281147,-0.885644,-1.000000,0.288522,0.463156,0.548048,-0.312825
5.1732,0.140400,0.394074,-0.077764,-1.800000,-0.276244,0.344172,-0.806647,1.071290,-0.138579,-0.773204,-1.544078,0.117639,-0.863087,-1.000000,0.331822,0.510865,0.502134,-0.270768
5.2066,0.238695,0.297033,-0.049139,-1.800000,-0.301324,0.360973,-0.872522,1.085496,-0.117315,-0.548394,-1.731076,-0.155705,-0.962445,-1.000000,0.342343,0.497000,0.517565,-0.264731
5.2400,0.299279,0.256182,-0.054537,-1.800000,-0.323287,0.392059,-0.903817,1.124808,-0.145265,-0.466924,-1.771776,-0.222803,-0.940331,-1.000000,0.325597,0.486273,0.558398,-0.287200
5.2734,0.343203,0.221791,-0.092209,-1.800000,-0.346968,0.404657,-0.933987,1.157006,-0.141127,-0.379804,-1.786431,-0.337453,-0.896191,-1.000000,0.310230,0.457146,0.606303,-0.302101
5.3067,0.340128,0.212144,-0.135906,-1.800000,-0.344446,0.412227,-0.967901,1.157020,-0.128099,-0.294204,-1.792547,-0.457470,-0.873748,-1.000000,0.324114,0.404527,0.658586,-0.312925
5.3401,0.303339,0.226563,-0.165893,-1.800000,-0.332834,0.415293,-1.000421,1.125686,-0.107588,-0.210386,-1.803488,-0.529173,-0.901823,-1.000000,0.351524,0.340770,0.698729,-0.324846
5.3735,0.241726,0.244580,-0.200656,-1.800000,-0.325439,0.412776,-1.016132,1.074413,-0.075635,-0.187935,-1.753462,-0.568681,-0.969597,-1.000000,0.374549,0.279511,0.731313,-0.336496
5.4069,0.175094,0.266237,-0.244511,-1.800000,-0.335557,0.413852,-1.006344,1.015718,-0.041049,-0.214744,-1.659372,-0.507886,-1.083426,-1.000000,0.377946,0.231180,0.760623,-0.350668
5.4402,0.099850,0.273329,-0.319972,-1.800000,-0.377966,0.407428,-0.963934,0.941657,0.000041,-0.252171,-1.570433,-0.363787,-1.222656,-1.000000,0.347100,0.184580,0.800034,-0.379664
5.4736,0.037437,0.284838,-0.355245,-1.800000,-0.360706,0.397336,-0.951120,0.855569,0.049167,-0.303765,-1.452144,-0.204349,-1.383907,-0.888417,0.307304,0.055832,0.891237,-0.409501
5.5070,-0.010370,0.337518,-0.342779,-1.800000,-0.249356,0.390499,-0.977080,0.777444,0.097598,-0.427626,-1.243945,-0.009412,-1.519805,-0.622928,0.264508,-0.142342,1.024297,-0.417462
5.5404,-0.036113,0.398007,-0.319546,-1.800000,-0.149620,0.373438,-0.999107,0.732072,0.127335,-0.549980,-1.039432,0.209069,-1.578978,-0.402328,0.207825,-0.292487,1.151140,-0.415411
5.5737,-0.059500,0.428574,-0.316361,-1.800000,-0.141054,0.329502,-0.997000,0.741431,0.140619,-0.543035,-0.938282,0.313167,-1.614336,-0.300463,0.139478,-0.344115,1.251835,-0.412584
5.6071,-0.064731,0.438271,-0.310245,-1.800000,-0.126083,0.296885,-1.002499,0.748035,0.146854,-0.509944,-0.821747,0.378429,-1.633337,-0.234554,0.110153,-0.364410,1.307290,-0.396562
5.6405,-0.061739,0.434258,-0.300016,-1.800000,-0.117769,0.258067,-1.009053,0.739708,0.155632,-0.454285,-0.709568,0.435260,-1.644375,-0.222866,0.102656,-0.367707,1.301564,-0.405487
5.6739,-0.052309,0.418816,-0.285759,-1.800000,-0.119749,0.212930,-1.008408,0.708318,0.182892,-0.378888,-0.620160,0.477441,-1.649587,-0.248479,0.109390,-0.348021,1.231688,-0.441780
5.7073,-0.037215,0.408482,-0.268293,-1.800000,-0.133502,0.161289,-1.028004,0.694570,0.201863,-0.298496,-0.584596,0.494689,-1.652741,-0.308283,0.110108,-0.346821,1.189451,-0.557028
5.7406,-0.001814,0.379620,-0.261940,-1.800000,-0.144664,0.129775,-0.953018,0.547499,0.255063,-0.193303,-0.555875,0.523896,-1.667946,-0.347841,0.098285,-0.323400,1.109309,-0.620411
5.7740,0.020856,0.375935,-0.266944,-1.800000,-0.140047,0.092612,-0.922387,0.434826,0.283706,-0.107844,-0.558198,0.508487,-1.690010,-0.355986,0.076619,-0.376759,1.110438,-0.671350
5.8074,0.031304,0.412612,-0.294343,-1.800000,-0.106185,-0.001834,-0.910933,0.342792,0.263677,-0.035120,-0.544031,0.467822,-1.707891,-0.340890,0.095850,-0.449427,1.158534,-0.702821
5.8408,0.002790,0.503557,-0.316016,-1.800000,-0.081429,-0.175601,-0.987265,0.267704,0.242473,-0.006082,-0.561644,0.428085,-1.744762,-0.289577,0.148035,-0.671813,1.329400,-0.710888
5.8741,-0.014349,0.540101,-0.334893,-1.800000,-0.072636,-0.363472,-1.022032,0.257635,0.205586,0.015287,-0.559578,0.403306,-1.753317,-0.249743,0.199027,-0.747899,1.369101,-0.685235
5.9075,-0.041052,0.581966,-0.366580,-1.800000,-0.052326,-0.486793,-1.039776,0.276775,0.196742,0.027024,-0.559518,0.379328,-1.761696,-0.216845,0.213420,-0.811700,1.362045,-0.650932
5.9409,-0.077618,0.597565,-0.430327,-1.800000,0.027687,-0.528703,-0.987064,0.343525,0.160596,0.026638,-0.546508,0.382040,-1.771808,-0.184109,0.186175,-0.790718,1.262489,-0.581574
5.9743,-0.113074,0.622160,-0.466442,-1.800000,0.092523,-0.526948,-0.958179,0.476841,0.102402,0.025572,-0.563714,0.376925,-1.778898,-0.179560,0.164283,-0.789068,1.210181,-0.541891
6.0076,-0.143756,0.640586,-0.498568,-1.800000,0.180119,-0.506619,-0.931411,0.666096,0.001109,0.023524,-0.575787,0.370895,-1.790201,-0.159488,0.135339,-0.771132,1.155045,-0.504648
6.0410,-0.164395,0.671219,-0.527871,-1.800000,0.293900,-0.467211,-0.892785,0.894312,-0.132037,0.022385,-0.578769,0.366488,-1.799755,-0.125165,0.121471,-0.724662,1.106969,-0.485285
6.0744,-0.174604,0.712123,-0.551585,-1.800000,0.408120,-0.399993,-0.843742,1.114405,-0.262961,0.015984,-0.577775,0.365024,-1.800000,-0.080629,0.116391,-0.671621,1.071414,-0.476597
6.1078,-0.180289,0.750209,-0.567067,-1.800000,0.489639,-0.323753,-0.774638,1.270571,-0.367817,0.001598,-0.570751,0.366452,-1.800000,-0.043313,0.107278,-0.638039,1.051299,-0.473393
6.1411,-0.197401,0.764564,-0.589179,-1.800000,0.528885,-0.265580,-0.631320,1.282301,-0.411600,-0.028980,-0.557137,0.380281,-1.800000,-0.020624,0.089718,-0.580163,0.966624,-0.442637
6.1745,-0.242936,0.735583,-0.594483,-1.800000,0.486106,-0.233151,-0.516479,1.226621,-0.406576,-0.055745,-0.569081,0.354882,-1.800000,-0.030658,0.065725,-0.605797,0.944989,-0.410719
6.2079,-0.289665,0.706371,-0.606338,-1.800000,0.468452,-0.239695,-0.386342,1.111678,-0.438218,-0.070023,-0.563176,0.316568,-1.800000,-0.038987,0.044493,-0.658373,0.970958,-0.391067
6.2413,-0.336375,0.665488,-0.611375,-1.800000,0.468948,-0.297073,-0.221579,0.888093,-0.475137,-0.074188,-0.559817,0.278894,-1.800000,-0.056661,0.021717,-0.708385,1.009354,-0.376752
6.2746,-0.373574,0.623406,-0.613290,-1.800000,0.476305,-0.355732,-0.112286,0.704542,-0.487922,-0.072620,-0.533869,0.240794,-1.800000,-0.065160,0.004140,-0.770790,1.052958,-0.357422
6.3080,-0.388365,0.600824,-0.607278,-1.800000,0.487675,-0.405799,-0.105700,0.700538,-0.532563,-0.057369,-0.499781,0.207694,-1.800000,-0.067371,-0.003600,-0.834794,1.108969,-0.347573
6.3414,-0.451681,0.534690,-0.603201,-1.800000,0.448456,-0.432462,-0.105195,0.606804,-0.491887,-0.050266,-0.454334,0.149638,-1.800000,-0.080231,-0.006274,-0.887282,1.081727,-0.295781
6.3748,-0.450095,0.523433,-0.593407,-1.800000,0.443417,-0.446760,-0.134304,0.663562,-0.517765,-0.024264,-0.428206,0.131516,-1.800000,-0.086858,0.005068,-0.933388,1.125211,-0.295071
6.4081,-0.457228,0.502081,-0.583638,-1.800000,0.448659,-0.473462,-0.157907,0.707983,-0.539794,0.000430,-0.391300,0.122947,-1.800000,-0.104292,0.075273,-0.966322,1.152132,-0.306487
6.4415,-0.462398,0.482977,-0.569428,-1.800000,0.454476,-0.505460,-0.166082,0.731687,-0.557711,0.017398,-0.369033,0.119889,-1.800000,-0.129102,0.160181,-0.991627,1.184742,-0.322336
6.4749,-0.501236,0.435006,-0.561809,-1.793484,0.430442,-0.557670,-0.068297,0.571893,-0.493519,0.026723,-0.373588,0.115334,-1.800000,-0.190228,0.212728,-0.989825,1.185157,-0.311762
6.5083,-0.489748,0.426105,-0.547417,-1.794145,0.420172,-0.596974,-0.019532,0.533355,-0.486442,0.037755,-0.407243,0.105301,-1.800000,-0.239759,0.237027,-1.005173,1.256580,-0.320788
6.5416,-0.486521,0.424008,-0.534764,-1.799632,0.421726,-0.624345,0.021975,0.516203,-0.496245,0.051322,-0.440687,0.097364,-1.800000,-0.276665,0.226260,-1.013044,1.324121,-0.342437
6.5750,-0.497784,0.428250,-0.525381,-1.795580,0.425227,-0.641170,0.102359,0.428491,-0.471914,0.075770,-0.472015,0.086295,-1.800000,-0.310990,0.209550,-0.984705,1.338748,-0.351209
6.6084,-0.506698,0.447718,-0.516452,-1.792583,0.433914,-0.648987,0.170481,0.359188,-0.455390,0.096786,-0.500877,0.073603,-1.800000,-0.340248,0.205887,-0.944871,1.334096,-0.363948
6.6418,-0.508346,0.477927,-0.503683,-1.791478,0.454006,-0.649564,0.228466,0.295025,-0.434580,0.113058,-0.517710,0.068111,-1.800000,-0.344332,0.214810,-0.888359,1.289653,-0.362022
6.6751,-0.492693,0.540074,-0.474626,-1.799656,0.488447,-0.649669,0.261849,0.276563,-0.429807,0.116230,-0.523479,0.081646,-1.800000,-0.330642,0.239066,-0.824948,1.215600,-0.405758
6.7085,-0.454728,0.614616,-0.439765,-1.800000,0.560542,-0.649474,0.287100,0.328946,-0.450491,0.112515,-0.530245,0.107379,-1.800000,-0.302388,0.230973,-0.764577,1.154493,-0.449058
6.7419,-0.388486,0.716293,-0.389112,-1.800000,0.667551,-0.621903,0.277884,0.476297,-0.477854,0.101799,-0.515125,0.156842,-1.800000,-0.241714,0.198168,-0.711470,1.124770,-0.483674
6.7753,-0.273745,0.849420,-0.316069,-1.800000,0.781706,-0.521287,0.164100,0.828886,-0.493617,0.090786,-0.481728,0.238087,-1.800000,-0.162378,0.163070,-0.629952,1.125575,-0.517615
6.8087,-0.162281,0.984406,-0.234886,-1.800000,0.802845,-0.399693,-0.080685,1.251860,-0.456735,0.075530,-0.463416,0.301519,-1.800000,-0.090925,0.143337,-0.577776,1.143222,-0.545129
6.8420,-0.100512,1.111050,-0.149640,-1.800000,0.731175,-0.325263,-0.392473,1.582016,-0.449005,0.036943,-0.455740,0.336245,-1.800000,-0.042232,0.144805,-0.609049,1.152425,-0.537240
6.8754,-0.077108,1.187892,-0.067936,-1.800000,0.585174,-0.325410,-0.700702,1.749822,-0.402053,-0.009249,-0.483311,0.341716,-1.800000,-0.041696,0.124047,-0.721152,1.166491,-0.496649
6.9088,-0.038493,1.270805,-0.011551,-1.797862,0.524974,-0.290016,-0.896577,1.799917,-0.354569,-0.017622,-0.510149,0.338167,-1.800000,-0.044228,0.092760,-0.778546,1.183775,-0.481899
6.9422,0.009372,1.374483,0.015972,-1.731549,0.549105,-0.279307,-0.966688,1.742291,-0.341546,-0.001634,-0.526329,0.338130,-1.800000,-0.038252,0.066410,-0.788340,1.189705,-0.476124
6.9755,0.048071,1.453834,0.044945,-1.616618,0.587631,-0.313825,-0.961623,1.597352,-0.336218,0.011087,-0.549453,0.344186,-1.800000,-0.038330,0.031101,-0.793199,1.179475,-0.463806
7.0089,0.087476,1.541228,0.056020,-1.487746,0.622236,-0.350480,-0.930165,1.411164,-0.319570,0.016564,-0.584143,0.340630,-1.800000,-0.039454,-0.003656,-0.803140,1.171031,-0.444775
7.0423,0.120044,1.623864,0.055028,-1.341135,0.639242,-0.424943,-0.884641,1.199511,-0.283126,0.009033,-0.644647,0.320892,-1.800000,-0.053369,-0.038569,-0.824568,1.155441,-0.419591
7.0757,0.141936,1.686324,0.026719,-1.199187,0.646234,-0.535743,-0.826388,1.006131,-0.232696,-0.013683,-0.726207,0.287394,-1.800000,-0.082175,-0.077134,-0.847088,1.139475,-0.397663
7.1090,0.152369,1.718551,0.012491,-1.165522,0.663103,-0.611998,-0.885538,1.056333,-0.229418,-0.017536,-0.763397,0.258656,-1.800000,-0.106678,-0.079888,-0.863901,1.207710,-0.423751
7.1424,0.166366,1.749885,-0.000894,-1.128443,0.688037,-0.649905,-0.904443,1.116854,-0.190027,-0.012870,-0.781797,0.216905,-1.800000,-0.131312,-0.082204,-0.848023,1.262806,-0.458031
7.1758,0.207602,1.748639,-0.002104,-1.039788,0.748870,-0.650000,-0.702877,0.979784,-0.112054,0.024935,-0.770703,0.128712,-1.800000,-0.139008,-0.118055,-0.734965,1.205816,-0.453465
7.2092,0.186736,1.635266,0.029642,-1.080786,0.756952,-0.650000,-0.611387,0.988534,-0.144206,-0.050692,-0.722358,0.093733,-1.800000,-0.184033,-0.151027,-0.670003,1.203800,-0.482167
7.2425,0.180817,1.461323,0.075414,-1.214788,0.741334,-0.555476,-0.590836,1.056764,-0.221359,-0.177542,-0.586198,0.111362,-1.800000,-0.239802,-0.135354,-0.520226,1.195423,-0.545015
7.2759,0.168317,1.210006,0.107709,-1.420911,0.637400,-0.439284,-0.633833,1.155868,-0.285847,-0.419542,-0.437761,0.156565,-1.800000,-0.357652,-0.101875,-0.325386,1.145193,-0.590925
7.3093,0.182309,0.987538,0.100712,-1.629235,0.546326,-0.295997,-0.697740,1.237540,-0.341165,-0.717026,-0.328701,0.268849,-1.800000,-0.485450,-0.010891,-0.077843,1.035716,-0.614435
7.3427,0.147864,0.843126,0.092421,-1.794588,0.390581,-0.166652,-0.817275,1.279445,-0.339362,-0.938431,-0.385674,0.301929,-1.800000,-0.670999,0.114582,0.183594,0.869586,-0.569688
7.3760,0.127702,0.754834,0.105682,-1.800000,0.258875,-0.057160,-0.929199,1.297285,-0.303313,-1.110309,-0.478255,0.330623,-1.525006,-0.835980,0.221823,0.413590,0.694838,-0.493934
7.4094,0.170468,0.663277,0.169651,-1.800000,0.141449,0.012334,-1.010529,1.277433,-0.254952,-1.247976,-0.571960,0.315267,-1.082943,-0.987026,0.302639,0.585072,0.560446,-0.411848
7.4428,0.295392,0.550705,0.299798,-1.800000,0.118334,0.051146,-1.069176,1.272191,-0.232249,-1.352167,-0.668375,0.330841,-0.716285,-1.000000,0.359453,0.659831,0.485783,-0.326808
7.4762,0.406071,0.432419,0.395283,-1.800000,0.105142,0.116208,-1.112910,1.286287,-0.260890,-1.384232,-0.721597,0.331941,-0.606749,-1.000000,0.394366,0.704346,0.475076,-0.267457
7.5095,0.489625,0.324052,0.422042,-1.800000,0.046734,0.161752,-1.117981,1.278951,-0.251353,-1.356009,-0.765068,0.312373,-0.620701,-1.000000,0.383591,0.732363,0.476201,-0.217805
7.5429,0.437172,0.303872,0.279696,-1.800000,-0.008660,0.206612,-1.082629,1.221672,-0.242805,-1.214557,-0.891731,0.293228,-0.742733,-1.000000,0.371213,0.740851,0.518373,-0.149152
7.5763,0.296115,0.357303,0.105681,-1.800000,0.001575,0.228426,-1.083254,1.189161,-0.254652,-1.056280,-0.962730,0.237629,-0.875582,-0.909128,0.387312,0.646573,0.638697,-0.086978
7.6097,0.108713,0.440000,-0.055036,-1.800000,0.064615,0.223389,-1.088831,1.143820,-0.255429,-0.964637,-0.928909,0.190691,-0.991407,-0.716891,0.410988,0.422657,0.824072,-0.103505
7.6430,-0.098067,0.496616,-0.199430,-1.800000,0.141831,0.186204,-1.091679,1.098741,-0.252200,-0.948278,-0.815189,0.218718,-1.105759,-0.498994,0.397445,0.101515,1.055157,-0.173553
7.6764,-0.314709,0.525124,-0.322254,-1.800000,0.180099,0.118954,-1.061401,1.082956,-0.274494,-0.946774,-0.695527,0.295887,-1.208375,-0.399468,0.323725,-0.195519,1.276531,-0.238252
7.7098,-0.542129,0.499163,-0.452291,-1.800000,0.184849,0.041739,-0.992827,1.074610,-0.314482,-0.897311,-0.607490,0.388197,-1.307093,-0.396445,0.246222,-0.432332,1.429723,-0.286813
7.7432,-0.757111,0.433449,-0.568160,-1.800000,0.172528,-0.051126,-0.872091,1.043551,-0.361779,-0.777956,-0.561184,0.440629,-1.402221,-0.439509,0.190278,-0.605469,1.497048,-0.319781
7.7765,-0.939071,0.388556,-0.658918,-1.800000,0.169299,-0.141447,-0.717724,0.974021,-0.399604,-0.577962,-0.572491,0.438364,-1.507119,-0.444131,0.131629,-0.741384,1.486554,-0.314578
7.8099,-1.107566,0.373000,-0.718813,-1.681403,0.224245,-0.242560,-0.558058,0.890237,-0.423354,-0.335058,-0.592122,0.374979,-1.633967,-0.366240,0.037610,-0.842163,1.396457,-0.273128
7.8433,-1.247303,0.370126,-0.798083,-1.409417,0.344679,-0.343264,-0.401808,0.850940,-0.460810,-0.091826,-0.605401,0.283980,-1.729457,-0.243005,-0.104944,-0.888056,1.265962,-0.237758
7.8767,-1.360171,0.375018,-0.878304,-1.002192,0.494468,-0.414837,-0.221047,0.806178,-0.489849,0.148942,-0.600077,0.168272,-1.799986,-0.113335,-0.256903,-0.885062,1.127459,-0.206263
7.9101,-1.454912,0.374284,-0.901509,-0.522095,0.637562,-0.449574,-0.057564,0.756687,-0.507674,0.345350,-0.581393,0.046587,-1.800000,0.023360,-0.365674,-0.848755,0.994542,-0.192977
7.9434,-1.492054,0.416578,-0.905983,-0.295279,0.746717,-0.460139,0.021834,0.785328,-0.530986,0.495282,-0.556666,-0.036449,-1.800000,0.122104,-0.406180,-0.858746,0.958502,-0.174385
7.9768,-1.499298,0.437093,-0.896952,-0.223440,0.809901,-0.446150,0.065748,0.814991,-0.560911,0.597678,-0.518540,-0.095447,-1.800000,0.211322,-0.473728,-0.845137,0.988445,-0.132539
8.0102,-1.476132,0.477355,-0.912420,-0.192676,0.884220,-0.443810,0.139597,0.829273,-0.595007,0.671103,-0.484013,-0.153748,-1.800000,0.242688,-0.477299,-0.853738,1.020926,-0.121929
8.0436,-1.411284,0.536103,-0.935862,-0.190506,0.957956,-0.425139,0.218594,0.801988,-0.604316,0.698456,-0.437331,-0.193109,-1.800000,0.304210,-0.476694,-0.842003,1.048655,-0.135832
8.0769,-1.223441,0.679146,-0.896893,-0.307148,1.000000,-0.427962,0.380077,0.624886,-0.542778,0.620521,-0.426973,-0.167040,-1.800000,0.327255,-0.448550,-0.800505,1.030580,-0.139800
8.1103,-1.073085,0.758231,-0.791189,-0.495488,1.000000,-0.459586,0.446837,0.506119,-0.484698,0.469652,-0.437753,-0.116971,-1.800000,0.310487,-0.421009,-0.806495,1.005235,-0.127135
8.1437,-0.934821,0.798978,-0.683989,-0.713632,1.000000,-0.501579,0.473764,0.422330,-0.432522,0.282142,-0.418503,-0.037892,-1.800000,0.298284,-0.436524,-0.807034,0.952644,-0.104829
8.1771,-0.819698,0.770327,-0.573103,-0.931490,0.989587,-0.539016,0.471432,0.357798,-0.380830,0.077836,-0.378762,0.014982,-1.800000,0.272345,-0.432971,-0.810406,0.900831,-0.081929
8.2104,-0.781062,0.659267,-0.540818,-1.093063,0.915419,-0.581568,0.415448,0.307162,-0.314942,-0.166719,-0.382149,0.023004,-1.800000,0.190081,-0.383181,-0.847972,0.870149,-0.032199
8.2438,-0.772210,0.482588,-0.553399,-1.185926,0.810816,-0.586350,0.313741,0.273233,-0.255290,-0.442214,-0.440504,0.031336,-1.800000,0.112825,-0.303419,-0.860532,0.860795,-0.043079
8.2772,-0.784092,0.336337,-0.609669,-1.266815,0.678998,-0.551749,0.168387,0.239908,-0.204794,-0.743625,-0.568172,0.068080,-1.800000,0.040555,-0.188176,-0.869011,0.850391,-0.067666
8.3106,-0.789089,0.270127,-0.685929,-1.367725,0.545722,-0.469038,-0.017936,0.230337,-0.158306,-0.987087,-0.721832,0.124504,-1.800000,-0.013315,-0.057579,-0.894259,0.856292,-0.096520
8.3439,-0.736142,0.339406,-0.690854,-1.521318,0.413294,-0.412326,-0.233663,0.331759,-0.177921,-1.143591,-0.855032,0.152639,-1.663403,-0.083592,0.033667,-1.027537,0.980169,-0.151731
8.3773,-0.588865,0.382225,-0.628038,-1.680852,0.398315,-0.340503,-0.386560,0.458372,-0.189653,-1.387398,-0.785517,0.176104,-1.140341,-0.067423,0.104802,-1.029576,0.978307,-0.140423
8.4107,-0.445374,0.368701,-0.514711,-1.799980,0.378358,-0.302421,-0.525691,0.537966,-0.136768,-1.611138,-0.732616,0.172411,-0.678760,-0.050453,0.151412,-1.023748,0.931360,-0.093791
8.4441,-0.384427,0.357813,-0.435402,-1.800000,0.352862,-0.276111,-0.614885,0.606586,-0.118909,-1.636736,-0.778404,0.244992,-0.633531,-0.058251,0.157201,-1.047960,0.953487,-0.090077
8.4774,-0.346932,0.338365,-0.384582,-1.800000,0.317640,-0.241170,-0.694053,0.660519,-0.126617,-1.645168,-0.801895,0.284503,-0.649983,-0.082048,0.147278,-1.089038,0.998108,-0.086753
8.5108,-0.323746,0.337445,-0.360588,-1.800000,0.288463,-0.226590,-0.763403,0.696062,-0.137638,-1.627440,-0.842360,0.321169,-0.655881,-0.101832,0.148618,-1.130184,1.041886,-0.100306
8.5442,-0.322461,0.353504,-0.359665,-1.800000,0.255542,-0.229420,-0.812155,0.723176,-0.141406,-1.601519,-0.872623,0.330693,-0.665043,-0.131674,0.159914,-1.165658,1.087889,-0.116605
8.5776,-0.338940,0.370170,-0.372510,-1.800000,0.223607,-0.231256,-0.845390,0.746867,-0.139266,-1.582727,-0.887316,0.322389,-0.688375,-0.161769,0.159001,-1.204525,1.138180,-0.124611
8.6109,-0.366649,0.381873,-0.388417,-1.800000,0.201303,-0.242975,-0.872377,0.764270,-0.136250,-1.558898,-0.891904,0.322595,-0.733053,-0.181923,0.157719,-1.243922,1.178513,-0.133962
8.6443,-0.423149,0.368726,-0.441661,-1.800000,0.142075,-0.269456,-0.879623,0.699943,-0.092581,-1.438583,-0.952439,0.337915,-0.914132,-0.230153,0.156473,-1.315297,1.209569,-0.136236
8.6777,-0.449062,0.343111,-0.459541,-1.800000,0.108072,-0.260176,-0.885721,0.655619,-0.056146,-1.295966,-1.019638,0.307036,-1.095748,-0.254757,0.171584,-1.335879,1.211609,-0.139033
8.7111,-0.468271,0.307709,-0.482706,-1.800000,0.075580,-0.252989,-0.884312,0.624382,-0.030075,-1.132473,-1.071435,0.256655,-1.271616,-0.282304,0.182374,-1.348096,1.212579,-0.142833
8.7444,-0.479200,0.290684,-0.503346,-1.800000,0.060942,-0.255810,-0.869089,0.612712,-0.031393,-0.968745,-1.084986,0.222742,-1.425336,-0.296952,0.178663,-1.355404,1.207798,-0.142227
8.7778,-0.502963,0.315342,-0.487233,-1.800000,0.061467,-0.285926,-0.934442,0.723320,-0.085915,-0.873425,-1.076956,0.230225,-1.497753,-0.296510,0.169280,-1.418782,1.239509,-0.139985
8.8112,-0.454920,0.329426,-0.507556,-1.800000,0.136742,-0.324940,-0.825306,0.768131,-0.152713,-0.715250,-0.958434,0.269892,-1.562552,-0.274163,0.131372,-1.331056,1.206734,-0.150092
8.8446,-0.431805,0.333268,-0.514289,-1.800000,0.216501,-0.338620,-0.743598,0.818006,-0.194784,-0.582374,-0.856493,0.303464,-1.549699,-0.242002,0.116445,-1.252198,1.163779,-0.150131
8.8779,-0.406197,0.373972,-0.510956,-1.800000,0.264132,-0.328481,-0.695912,0.914450,-0.249565,-0.446619,-0.761469,0.340643,-1.512184,-0.219324,0.080056,-1.228523,1.151181,-0.140117
8.9113,-0.372777,0.410404,-0.494988,-1.800000,0.277984,-0.298528,-0.665830,1.028419,-0.300804,-0.320787,-0.674904,0.355703,-1.459547,-0.200849,0.033398,-1.221661,1.146283,-0.127953
8.9447,-0.310361,0.451398,-0.468143,-1.800000,0.297161,-0.269748,-0.566110,1.075874,-0.340612,-0.187069,-0.574183,0.344763,-1.390060,-0.168760,-0.030880,-1.158370,1.090218,-0.103402
8.9781,-0.271289,0.497574,-0.445418,-1.800000,0.292049,-0.261381,-0.490626,1.099215,-0.350224,-0.054434,-0.528945,0.295109,-1.358714,-0.151513,-0.087956,-1.132634,1.053459,-0.077060
9.0115,-0.237819,0.527960,-0.428632,-1.800000,0.288880,-0.262886,-0.425027,1.094630,-0.339821,0.072229,-0.483696,0.248655,-1.352247,-0.133716,-0.134282,-1.118463,1.024531,-0.049500
9.0448,-0.213304,0.567205,-0.420224,-1.800000,0.296414,-0.275338,-0.349056,1.042848,-0.342157,0.176043,-0.467412,0.212636,-1.361529,-0.111004,-0.181832,-1.104670,0.990020,-0.015532
9.0782,-0.196073,0.604536,-0.417238,-1.800000,0.302942,-0.277528,-0.273676,0.980526,-0.372421,0.251112,-0.477785,0.196824,-1.370677,-0.084125,-0.221388,-1.089905,0.955304,0.017604
9.1116,-0.194055,0.629948,-0.423000,-1.800000,0.317200,-0.300590,-0.206546,0.925602,-0.440041,0.298455,-0.502035,0.195643,-1.379770,-0.061618,-0.253732,-1.083160,0.911873,0.054399
9.1450,-0.203038,0.651935,-0.421494,-1.800000,0.342965,-0.342542,-0.149255,0.864197,-0.503433,0.321640,-0.516622,0.190756,-1.395658,-0.041931,-0.274567,-1.079608,0.854439,0.090619
9.1783,-0.213687,0.664903,-0.429573,-1.800000,0.393232,-0.399516,-0.081332,0.789903,-0.561436,0.315418,-0.530412,0.199431,-1.414323,-0.023251,-0.271301,-1.066832,0.776551,0.103463
9.2117,-0.220483,0.657980,-0.420519,-1.800000,0.419123,-0.483499,-0.013914,0.722488,-0.598946,0.277663,-0.562941,0.220221,-1.434893,-0.044443,-0.198652,-1.068592,0.699838,0.083492
9.2451,-0.221179,0.659463,-0.396551,-1.800000,0.422791,-0.568413,-0.016740,0.756044,-0.648749,0.240883,-0.591000,0.227313,-1.465816,-0.078121,-0.059322,-1.122311,0.723814,0.025954
9.2785,-0.230793,0.641949,-0.376038,-1.800000,0.421573,-0.632829,-0.010789,0.757184,-0.655880,0.204238,-0.599916,0.236247,-1.502445,-0.110802,0.095412,-1.152810,0.771927,-0.000541
9.3118,-0.252885,0.603844,-0.380447,-1.800000,0.411253,-0.648236,0.003788,0.700391,-0.606821,0.171616,-0.563377,0.250714,-1.538841,-0.151882,0.134038,-1.146501,0.851085,-0.013723
9.3452,-0.251114,0.594360,-0.384689,-1.800000,0.416728,-0.648325,-0.001774,0.677557,-0.578710,0.141777,-0.528105,0.271163,-1.571186,-0.171107,0.085500,-1.162796,0.994186,-0.036962
9.3786,-0.246005,0.588076,-0.390992,-1.800000,0.424836,-0.636514,-0.020937,0.661280,-0.554303,0.107064,-0.485852,0.299396,-1.604057,-0.174821,0.009551,-1.171879,1.146067,-0.068994
9.4120,-0.246305,0.576071,-0.400304,-1.800000,0.423680,-0.616448,-0.054000,0.636048,-0.522021,0.059844,-0.434771,0.332853,-1.635595,-0.170618,-0.038369,-1.155727,1.263322,-0.107594
9.4453,-0.253195,0.552094,-0.406449,-1.800000,0.411089,-0.608337,-0.083201,0.583830,-0.485193,-0.001003,-0.397313,0.363173,-1.656806,-0.175886,-0.053742,-1.124468,1.338408,-0.137454
9.4787,-0.245289,0.526169,-0.394041,-1.800000,0.397184,-0.608449,-0.129644,0.590916,-0.482294,-0.045532,-0.385413,0.380539,-1.690937,-0.195577,-0.052341,-1.092595,1.415831,-0.178671
9.5121,-0.243776,0.491156,-0.378077,-1.800000,0.374735,-0.605478,-0.153973,0.539640,-0.444532,-0.102156,-0.366292,0.398759,-1.712594,-0.215620,-0.039162,-1.027069,1.428755,-0.206565
9.5455,-0.236801,0.457447,-0.354248,-1.800000,0.356159,-0.601177,-0.186926,0.518763,-0.422366,-0.144264,-0.359188,0.405730,-1.737823,-0.232730,-0.019712,-0.948807,1.419295,-0.240197
9.5788,-0.226653,0.429514,-0.330200,-1.800000,0.341414,-0.593373,-0.229883,0.509099,-0.399238,-0.190037,-0.353119,0.421035,-1.759950,-0.242603,0.015038,-0.859519,1.372505,-0.261936
9.6122,-0.218425,0.410553,-0.304838,-1.800000,0.323118,-0.582091,-0.291042,0.512403,-0.371465,-0.235828,-0.350537,0.431708,-1.773731,-0.242451,0.057013,-0.767575,1.295658,-0.283542
9.6456,-0.208284,0.398182,-0.285408,-1.800000,0.311618,-0.565063,-0.360920,0.532446,-0.342352,-0.274143,-0.352976,0.446318,-1.789740,-0.238488,0.121754,-0.664951,1.186386,-0.324696
9.6790,-0.194248,0.390555,-0.255721,-1.800000,0.305350,-0.553125,-0.423892,0.557691,-0.320570,-0.312685,-0.360046,0.466404,-1.799455,-0.238329,0.189989,-0.565929,1.029709,-0.376509
9.7123,-0.174902,0.386165,-0.226021,-1.800000,0.305725,-0.550447,-0.483736,0.593495,-0.301876,-0.356269,-0.370231,0.490479,-1.797747,-0.234190,0.244623,-0.496571,0.887522,-0.407951
9.7457,-0.156794,0.382884,-0.202316,-1.800000,0.311140,-0.548948,-0.547706,0.646332,-0.284050,-0.388899,-0.377657,0.518851,-1.797052,-0.220234,0.271516,-0.461592,0.801652,-0.423747
9.7791,-0.147780,0.396309,-0.187543,-1.800000,0.324968,-0.542511,-0.618556,0.697728,-0.265346,-0.418887,-0.375122,0.539080,-1.793859,-0.178219,0.273772,-0.454539,0.748311,-0.425791
9.8125,-0.152146,0.418587,-0.184824,-1.800000,0.333816,-0.536472,-0.694959,0.746967,-0.247215,-0.442565,-0.375344,0.551438,-1.792431,-0.135004,0.277004,-0.477141,0.732266,-0.424521
9.8458,-0.161138,0.445166,-0.187037,-1.800000,0.340282,-0.540774,-0.755919,0.800852,-0.225070,-0.452805,-0.384517,0.558243,-1.790141,-0.111732,0.283660,-0.507901,0.749622,-0.427551
9.8792,-0.172175,0.473278,-0.200997,-1.800000,0.350614,-0.542665,-0.808379,0.871825,-0.213215,-0.448980,-0.398399,0.557910,-1.792222,-0.095212,0.278495,-0.537392,0.784494,-0.436592
9.9126,-0.190804,0.518020,-0.220072,-1.800000,0.359236,-0.538018,-0.836941,0.927308,-0.197343,-0.435685,-0.404281,0.552828,-1.788368,-0.090039,0.260644,-0.550433,0.806163,-0.442905
9.9460,-0.214376,0.557428,-0.227083,-1.800000,0.361334,-0.526574,-0.861731,0.961832,-0.188585,-0.404971,-0.408777,0.540996,-1.793530,-0.088342,0.243890,-0.559516,0.816129,-0.444615
9.9793,-0.244453,0.631254,-0.230960,-1.800000,0.369457,-0.519139,-0.877112,0.960186,-0.179256,-0.376890,-0.410308,0.525878,-1.799673,-0.080864,0.224824,-0.574226,0.821175,-0.440812
10.0127,-0.272502,0.709177,-0.218195,-1.800000,0.368792,-0.518978,-0.881255,0.915088,-0.156377,-0.349383,-0.418409,0.507064,-1.800000,-0.079727,0.202839,-0.594448,0.831337,-0.433852
10.0461,-0.296385,0.809336,-0.191043,-1.800000,0.359778,-0.517200,-0.890672,0.841821,-0.126296,-0.331784,-0.430673,0.487893,-1.800000,-0.078343,0.170623,-0.636848,0.848917,-0.423157
10.0795,-0.301838,0.931726,-0.150726,-1.800000,0.358391,-0.520155,-0.892547,0.755756,-0.102524,-0.317930,-0.445754,0.477754,-1.800000,-0.075404,0.135594,-0.677133,0.860336,-0.409102
10.1128,-0.277236,1.078859,-0.091443,-1.800000,0.365170,-0.526787,-0.892331,0.670570,-0.077291,-0.307858,-0.466764,0.466623,-1.800000,-0.067254,0.095841,-0.720380,0.869614,-0.393817
10.1462,-0.227005,1.248845,-0.026106,-1.800000,0.386054,-0.525199,-0.885531,0.602768,-0.060785,-0.291073,-0.497485,0.447439,-1.800000,-0.058132,0.062938,-0.748006,0.873498,-0.379495
10.1796,-0.164981,1.434367,0.027197,-1.742071,0.416099,-0.544116,-0.872035,0.543444,-0.052026,-0.266656,-0.525122,0.439329,-1.800000,-0.044383,0.034606,-0.772741,0.878392,-0.361703
10.2130,-0.110957,1.595887,0.054224,-1.618363,0.452926,-0.570409,-0.848427,0.514797,-0.064933,-0.229052,-0.573590,0.410893,-1.800000,-0.036506,0.001778,-0.791018,0.893495,-0.352869
10.2464,-0.096172,1.702275,0.052194,-1.549026,0.468209,-0.595787,-0.878963,0.562734,-0.092412,-0.196218,-0.625327,0.374785,-1.800000,-0.046194,-0.017129,-0.832498,0.937721,-0.356488
10.2797,-0.042967,1.849701,0.035563,-1.388695,0.535464,-0.637198,-0.831446,0.607014,-0.137307,-0.151568,-0.673712,0.328426,-1.800000,-0.037440,-0.048735,-0.828388,0.958922,-0.356410
10.3131,-0.005112,1.933463,0.017796,-1.264419,0.577281,-0.648115,-0.813320,0.684432,-0.162625,-0.122533,-0.696961,0.286077,-1.800000,-0.041519,-0.059120,-0.822888,0.993600,-0.369010
10.3465,0.032228,1.943911,0.013644,-1.081208,0.590250,-0.634116,-0.734664,0.681542,-0.147239,-0.138618,-0.715128,0.267923,-1.800000,-0.064681,-0.105083,-0.802790,0.992087,-0.365355
10.3799,0.024916,1.877027,0.034960,-1.065088,0.547898,-0.562876,-0.756484,0.752196,-0.138133,-0.188941,-0.682474,0.240310,-1.800000,-0.114221,-0.128373,-0.782739,1.017220,-0.391283
10.4132,0.016846,1.736907,0.078128,-1.151110,0.539966,-0.509062,-0.779153,0.892953,-0.195309,-0.298621,-0.578736,0.223125,-1.800000,-0.163585,-0.116099,-0.700491,1.054540,-0.454860
10.4466,0.001169,1.458285,0.141089,-1.338465,0.454604,-0.461928,-0.770032,0.943522,-0.229896,-0.516042,-0.451233,0.244233,-1.800000,-0.280063,-0.073477,-0.581418,1.057778,-0.497020
10.4800,-0.042796,1.186403,0.127136,-1.523814,0.329562,-0.371680,-0.792665,0.944160,-0.237245,-0.813370,-0.401494,0.264413,-1.800000,-0.422813,0.029523,-0.439178,1.041679,-0.513005
10.5134,-0.023603,0.954506,0.100159,-1.668718,0.216450,-0.241343,-0.813826,0.947562,-0.238668,-1.045501,-0.424342,0.309366,-1.800000,-0.580700,0.145971,-0.228966,0.974284,-0.510839
10.5467,0.043030,0.842434,0.123409,-1.694843,0.145477,-0.139223,-0.879565,1.017054,-0.253673,-1.161241,-0.451644,0.311357,-1.713773,-0.706190,0.243099,-0.093968,0.971332,-0.511766
10.5801,0.228720,0.651534,0.206244,-1.799999,0.055624,-0.073757,-0.857581,0.959480,-0.218047,-1.355770,-0.464942,0.298715,-1.191469,-0.871850,0.326789,0.153216,0.775059,-0.430925
10.6135,0.374671,0.493363,0.287462,-1.800000,0.008808,-0.046930,-0.872255,0.931642,-0.177758,-1.501233,-0.500758,0.262209,-0.743076,-0.954173,0.379652,0.297904,0.649618,-0.348657
10.6469,0.467624,0.403923,0.344946,-1.800000,-0.018800,0.004846,-0.918221,0.972255,-0.166510,-1.532013,-0.559887,0.270116,-0.627769,-0.966063,0.388916,0.349763,0.645554,-0.315135
10.6802,0.527155,0.321976,0.391553,-1.800000,-0.030754,0.081308,-0.952977,1.003127,-0.170746,-1.530072,-0.612535,0.292315,-0.598937,-0.937770,0.380917,0.392784,0.641721,-0.273344
10.7136,0.509283,0.269607,0.397407,-1.800000,-0.036961,0.147239,-0.935242,0.943771,-0.146006,-1.488182,-0.669129,0.316633,-0.641791,-0.902635,0.384121,0.451896,0.567164,-0.180274
10.7470,0.387611,0.331638,0.308007,-1.800000,-0.028918,0.192455,-0.941083,0.928448,-0.143599,-1.424424,-0.693813,0.307128,-0.712775,-0.844683,0.385149,0.424787,0.600560,-0.151702
10.7804,0.229429,0.414292,0.193135,-1.800000,0.010897,0.195878,-0.948170,0.912279,-0.143436,-1.398003,-0.651719,0.306110,-0.769136,-0.733125,0.378467,0.304772,0.689740,-0.172363
10.8137,0.056769,0.505108,0.087994,-1.800000,0.076555,0.173261,-0.963857,0.890509,-0.139306,-1.412753,-0.563470,0.341928,-0.811092,-0.586103,0.371660,0.124801,0.788838,-0.249307
10.8471,-0.123758,0.594950,-0.020552,-1.800000,0.143925,0.136182,-0.973737,0.868154,-0.137426,-1.440601,-0.461346,0.395522,-0.846068,-0.422253,0.333588,-0.091872,0.878757,-0.299022
10.8805,-0.293780,0.664540,-0.126471,-1.800000,0.188155,0.083044,-0.968092,0.875837,-0.158119,-1.453860,-0.358150,0.454445,-0.876357,-0.344198,0.287180,-0.264995,0.913853,-0.313993
10.9139,-0.452489,0.708936,-0.225144,-1.800000,0.218049,0.022692,-0.941921,0.896813,-0.198312,-1.442619,-0.272155,0.534615,-0.908438,-0.314771,0.257176,-0.384962,0.892245,-0.307820
10.9472,-0.603884,0.734648,-0.312649,-1.800000,0.237484,-0.048821,-0.881598,0.879584,-0.232640,-1.412673,-0.186102,0.621808,-0.943004,-0.296119,0.240430,-0.485203,0.834842,-0.276298
10.9806,-0.717501,0.774185,-0.349430,-1.800000,0.239627,-0.133857,-0.790763,0.881384,-0.281247,-1.328546,-0.109787,0.680231,-0.983265,-0.311467,0.199123,-0.575316,0.852250,-0.233157
11.0140,-0.754163,0.854610,-0.335311,-1.800000,0.259182,-0.245065,-0.635196,0.838614,-0.322230,-1.190815,-0.055651,0.754772,-1.050422,-0.326439,0.106220,-0.636230,0.925638,-0.216610
11.0474,-0.712127,1.008222,-0.287962,-1.728564,0.321363,-0.374726,-0.450460,0.772414,-0.357762,-0.998520,-0.067610,0.797957,-1.204517,-0.314313,0.006331,-0.683585,0.967572,-0.219054
11.0807,-0.650970,1.176300,-0.267502,-1.416956,0.425635,-0.498480,-0.277752,0.719422,-0.382914,-0.758538,-0.180243,0.810184,-1.449240,-0.270496,-0.090419,-0.745441,0.986556,-0.198420
11.1141,-0.509371,1.424184,-0.205481,-1.048730,0.554234,-0.619327,-0.166968,0.709788,-0.402322,-0.516116,-0.396409,0.752715,-1.736071,-0.204324,-0.183416,-0.842681,0.998622,-0.165668
11.1475,-0.230719,1.694686,-0.069633,-0.744963,0.736061,-0.635926,-0.071484,0.772777,-0.461698,-0.269168,-0.547707,0.588438,-1.800000,-0.084902,-0.261375,-0.852047,1.041207,-0.184363
11.1809,-0.145387,1.766720,0.076168,-0.649567,0.870220,-0.635432,-0.007957,0.818912,-0.516055,-0.084399,-0.586150,0.475729,-1.800000,0.006783,-0.326062,-0.878684,1.091112,-0.196554
11.2142,-0.095105,1.784309,0.180476,-0.644871,0.965829,-0.631380,0.064332,0.831217,-0.554618,0.028677,-0.567322,0.383410,-1.800000,0.060321,-0.360603,-0.889742,1.117244,-0.219772
11.2476,-0.002887,1.788819,0.254302,-0.652665,1.000000,-0.628492,0.150939,0.766763,-0.543350,0.067526,-0.528054,0.324927,-1.800000,0.070092,-0.375280,-0.881430,1.116540,-0.242459
11.2810,0.039092,1.745032,0.289147,-0.692258,1.000000,-0.629704,0.196427,0.710249,-0.524419,0.014017,-0.488017,0.338160,-1.800000,0.061009,-0.374539,-0.891699,1.128274,-0.244927
11.3144,0.047657,1.680286,0.295681,-0.765339,1.000000,-0.609543,0.207841,0.689267,-0.514040,-0.079333,-0.445765,0.382360,-1.800000,0.066788,-0.366113,-0.869629,1.130449,-0.255970
11.3478,0.052121,1.613898,0.282727,-0.880183,0.999633,-0.594047,0.192519,0.694664,-0.509103,-0.191160,-0.388167,0.434696,-1.800000,0.075233,-0.359868,-0.840013,1.116993,-0.272655
11.3811,0.040651,1.546446,0.271132,-0.996989,0.964761,-0.588503,0.148550,0.714849,-0.507223,-0.277295,-0.354850,0.457347,-1.800000,0.056111,-0.346871,-0.830916,1.112462,-0.288562
11.4145,0.032870,1.413379,0.263598,-1.202909,0.882154,-0.568562,0.046608,0.765955,-0.506338,-0.389426,-0.309168,0.457133,-1.800000,0.012712,-0.306527,-0.814820,1.109373,-0.316588
11.4479,0.012109,1.224661,0.244322,-1.433997,0.772035,-0.530024,-0.106542,0.849141,-0.503667,-0.514919,-0.266250,0.452964,-1.800000,-0.043786,-0.236309,-0.771531,1.084234,-0.354261
11.4813,-0.062258,0.971950,0.160207,-1.624735,0.625410,-0.448150,-0.318660,0.955492,-0.477004,-0.683154,-0.252104,0.422371,-1.800000,-0.123981,-0.107880,-0.672720,1.029483,-0.397938
11.5146,-0.125093,0.732091,0.001866,-1.741520,0.483156,-0.320353,-0.513372,1.038548,-0.440862,-0.881922,-0.323230,0.385673,-1.800000,-0.217196,0.046280,-0.514928,0.941542,-0.429138
11.5480,-0.130759,0.629657,-0.091914,-1.799923,0.355340,-0.168934,-0.667681,1.083468,-0.398280,-1.068826,-0.497842,0.358161,-1.800000,-0.329452,0.200860,-0.313217,0.830259,-0.446829
11.5814,-0.092043,0.610420,-0.139233,-1.800000,0.229918,0.005696,-0.752072,1.096381,-0.370931,-1.138715,-0.713135,0.347512,-1.718697,-0.471806,0.310832,-0.088699,0.730596,-0.454730
11.6148,-0.016140,0.635414,-0.101718,-1.800000,0.115234,0.136389,-0.815273,1.104403,-0.338754,-1.187286,-0.858507,0.301912,-1.292228,-0.616923,0.388671,0.090350,0.666756,-0.455182
11.6481,0.105616,0.599066,-0.032551,-1.800000,-0.013065,0.236620,-0.825965,1.077858,-0.293531,-1.197287,-1.047087,0.228260,-0.785349,-0.775131,0.435637,0.269077,0.575587,-0.416218
11.6815,0.260015,0.492978,0.049175,-1.800000,-0.136619,0.255994,-0.837934,1.071662,-0.231171,-1.061253,-1.290546,0.149298,-0.712078,-0.919467,0.446031,0.382532,0.513065,-0.374666
11.7149,0.367282,0.431213,0.072396,-1.800000,-0.201528,0.247028,-0.860359,1.111017,-0.231321,-1.017074,-1.342413,0.088094,-0.771538,-0.993005,0.431653,0.421522,0.532497,-0.379517
11.7483,0.460352,0.332337,0.053868,-1.800000,-0.240875,0.274912,-0.851256,1.078576,-0.227604,-0.755179,-1.554056,-0.105327,-0.823689,-1.000000,0.419505,0.464437,0.476625,-0.355167
11.7816,0.455381,0.314693,0.015812,-1.800000,-0.263998,0.300988,-0.864105,1.083045,-0.235553,-0.584443,-1.640551,-0.320093,-0.826588,-1.000000,0.408288,0.461195,0.475379,-0.345922
11.8150,0.422665,0.328602,-0.005882,-1.800000,-0.265913,0.323768,-0.887931,1.108544,-0.250693,-0.542398,-1.634810,-0.414453,-0.845886,-1.000000,0.410125,0.449762,0.498269,-0.348229
11.8484,0.355662,0.357789,-0.049687,-1.800000,-0.263322,0.338422,-0.898692,1.108582,-0.257130,-0.517854,-1.611445,-0.444070,-0.887814,-1.000000,0.418322,0.426637,0.528495,-0.341365
11.8818,0.281959,0.388478,-0.112004,-1.800000,-0.273284,0.347685,-0.882894,1.098785,-0.266550,-0.489450,-1.576555,-0.418211,-0.946434,-1.000000,0.405057,0.386233,0.593971,-0.331198
11.9151,0.199517,0.414616,-0.198641,-1.800000,-0.307259,0.350489,-0.836118,1.064673,-0.267332,-0.511721,-1.493112,-0.336145,-1.023097,-0.996320,0.357729,0.298279,0.729828,-0.324026
11.9485,0.135791,0.431297,-0.247330,-1.800000,-0.274714,0.328031,-0.811583,1.039916,-0.269073,-0.544986,-1.374289,-0.201911,-1.152758,-0.861288,0.283199,0.097525,0.934665,-0.316713
11.9819,0.073652,0.448366,-0.266039,-1.800000,-0.206911,0.288446,-0.827101,1.010212,-0.251255,-0.589573,-1.254575,-0.035247,-1.308483,-0.673267,0.204447,-0.173579,1.162190,-0.329472
12.0153,0.018166,0.488487,-0.258357,-1.800000,-0.120154,0.248178,-0.856176,0.977288,-0.228060,-0.666642,-1.098674,0.130742,-1.421340,-0.492776,0.133365,-0.436845,1.330760,-0.334179
12.0486,-0.014428,0.508853,-0.264868,-1.800000,-0.081129,0.195160,-0.850635,0.976504,-0.239872,-0.678835,-0.977112,0.256629,-1.485863,-0.458153,0.089473,-0.603797,1.419978,-0.336266
12.0820,-0.030668,0.504543,-0.276130,-1.800000,-0.070831,0.129425,-0.820271,0.977701,-0.255903,-0.649463,-0.889130,0.372197,-1.526513,-0.502059,0.085262,-0.720637,1.435119,-0.344253
12.1154,-0.039863,0.493132,-0.290763,-1.800000,-0.056895,0.062549,-0.765743,0.948999,-0.256621,-0.606256,-0.799246,0.471894,-1.534706,-0.526859,0.101899,-0.800210,1.355126,-0.329342
12.1488,-0.056233,0.506717,-0.304474,-1.800000,-0.009214,0.025386,-0.736771,0.913001,-0.241671,-0.558273,-0.705136,0.534309,-1.515965,-0.461684,0.094140,-0.873785,1.209731,-0.266506
12.1821,-0.074195,0.550746,-0.303596,-1.800000,0.064073,0.015934,-0.728246,0.893752,-0.228490,-0.504395,-0.618819,0.547876,-1.489247,-0.340497,0.052164,-0.918014,1.032467,-0.184705
12.2155,-0.081841,0.595203,-0.315061,-1.800000,0.133884,0.015876,-0.710050,0.897879,-0.230350,-0.437203,-0.533529,0.539678,-1.459249,-0.225744,-0.040670,-0.919662,0.872709,-0.133863
12.2489,-0.108924,0.622929,-0.346688,-1.800000,0.163814,-0.006209,-0.690739,0.922049,-0.227931,-0.351447,-0.508557,0.537337,-1.445314,-0.165483,-0.105580,-0.907401,0.772993,-0.109445
12.2823,-0.125647,0.645411,-0.355257,-1.800000,0.184298,-0.025073,-0.717082,1.006787,-0.239970,-0.284817,-0.514870,0.522793,-1.442081,-0.134913,-0.119963,-0.948255,0.816366,-0.074594
12.3156,-0.141265,0.656217,-0.366147,-1.800000,0.209121,-0.038222,-0.738161,1.103758,-0.261424,-0.214554,-0.529438,0.499573,-1.442730,-0.123770,-0.146529,-0.966211,0.878344,-0.106798
12.3490,-0.143622,0.662191,-0.383677,-1.800000,0.253389,-0.016912,-0.756925,1.210163,-0.266631,-0.134211,-0.531767,0.465712,-1.446493,-0.079284,-0.149504,-0.981720,0.978630,-0.135018
12.3824,-0.128778,0.668317,-0.404233,-1.800000,0.306311,0.007074,-0.779630,1.322364,-0.261386,-0.055582,-0.525131,0.433957,-1.448256,-0.031158,-0.135196,-0.987373,1.075553,-0.176602
12.4158,-0.108440,0.676371,-0.428759,-1.800000,0.366642,0.026559,-0.800382,1.421218,-0.257538,0.017772,-0.512132,0.411161,-1.448722,0.014425,-0.100654,-0.960574,1.131566,-0.226989
12.4492,-0.090292,0.680548,-0.474744,-1.799802,0.443177,0.050930,-0.777854,1.460160,-0.259079,0.086801,-0.492271,0.402580,-1.442226,0.071871,-0.067074,-0.881708,1.117915,-0.252424
12.4825,-0.075585,0.694952,-0.495358,-1.793692,0.519782,0.053480,-0.756247,1.467702,-0.264230,0.109372,-0.465390,0.422706,-1.418329,0.128141,-0.038850,-0.828721,1.081501,-0.236473
12.5159,-0.052774,0.717945,-0.490386,-1.799962,0.587210,0.032288,-0.721711,1.452443,-0.286147,0.123710,-0.436712,0.443829,-1.396884,0.171644,-0.016232,-0.786237,1.040852,-0.223728
12.5493,-0.044925,0.730946,-0.487833,-1.800000,0.616361,-0.000002,-0.683652,1.427414,-0.315883,0.126518,-0.426498,0.469259,-1.382816,0.190961,0.001434,-0.757356,0.996062,-0.208415
12.5827,-0.057781,0.724719,-0.497024,-1.800000,0.572131,-0.000296,-0.662650,1.425920,-0.325534,0.117920,-0.436692,0.483998,-1.374628,0.186027,-0.002280,-0.747792,0.950407,-0.185032
12.6160,-0.068311,0.735018,-0.506242,-1.800000,0.571439,0.005169,-0.646232,1.479343,-0.335316,0.107858,-0.444655,0.498332,-1.372780,0.196868,-0.001446,-0.739356,0.925850,-0.173441
12.6494,-0.078498,0.760175,-0.518690,-1.800000,0.594880,0.031530,-0.626344,1.563290,-0.362689,0.097892,-0.440345,0.511617,-1.374005,0.216798,0.008645,-0.727513,0.911638,-0.172879
12.6828,-0.095559,0.784346,-0.532812,-1.800000,0.619432,0.060069,-0.609550,1.642955,-0.370912,0.080078,-0.430427,0.518277,-1.371611,0.238486,0.018459,-0.721839,0.886254,-0.155766
12.7162,-0.120980,0.793794,-0.545393,-1.800000,0.617243,0.068973,-0.585852,1.691756,-0.353587,0.059088,-0.427672,0.508752,-1.370695,0.242653,0.018078,-0.726744,0.858617,-0.137116
12.7495,-0.136750,0.809620,-0.557003,-1.800000,0.640940,0.073706,-0.538071,1.692054,-0.343138,0.048233,-0.416844,0.493527,-1.373586,0.250207,0.021343,-0.728888,0.844782,-0.133806
12.7829,-0.149668,0.811463,-0.568722,-1.800000,0.657212,0.065208,-0.466492,1.629189,-0.323227,0.050172,-0.395721,0.468692,-1.381691,0.247859,0.026658,-0.730003,0.835235,-0.129770
12.8163,-0.165800,0.797839,-0.580792,-1.800000,0.644755,0.032523,-0.381891,1.519147,-0.283836,0.055427,-0.384980,0.440858,-1.396734,0.226817,0.019180,-0.735261,0.827182,-0.129322
12.8497,-0.175352,0.786026,-0.590027,-1.800000,0.669730,-0.010696,-0.275465,1.381048,-0.297229,0.067292,-0.367735,0.402573,-1.415093,0.210870,0.019576,-0.730398,0.817953,-0.131419
12.8830,-0.178768,0.782633,-0.590979,-1.800000,0.717798,-0.066404,-0.154850,1.229093,-0.386345,0.077396,-0.348756,0.367653,-1.436813,0.195353,0.023550,-0.732777,0.813057,-0.132344
12.9164,-0.166888,0.808429,-0.592671,-1.799993,0.793193,-0.124209,-0.108340,1.164073,-0.530867,0.083869,-0.322298,0.345471,-1.455813,0.184947,0.055510,-0.778029,0.849205,-0.144148
12.9498,-0.163684,0.816827,-0.592855,-1.799998,0.890832,-0.231814,-0.028873,1.064780,-0.644592,0.086565,-0.297734,0.317050,-1.476979,0.161024,0.074583,-0.821571,0.870301,-0.150845
12.9832,-0.202882,0.724466,-0.585246,-1.800000,0.883858,-0.369651,0.213538,0.711187,-0.607384,0.082157,-0.316097,0.270025,-1.528451,0.090364,0.022161,-0.822755,0.779001,-0.109508
13.0165,-0.210585,0.679766,-0.581281,-1.787368,0.817259,-0.407740,0.268562,0.560536,-0.587201,0.085959,-0.319687,0.251905,-1.560390,0.044723,0.012773,-0.825120,0.717133,-0.111634
13.0499,-0.218129,0.646768,-0.579106,-1.763070,0.742930,-0.430224,0.241441,0.510718,-0.580013,0.089524,-0.316815,0.236520,-1.585769,0.009434,0.018483,-0.832783,0.653445,-0.113208